country,1960,1961,1962,1963,1964,1965,1966,1967,1968,1969,1970,1971,1972,1973,1974,1975,1976,1977,1978,1979,1980,1981,1982,1983,1984,1985,1986,1987,1988,1989,1990,1991,1992,1993,1994,1995,1996,1997,1998,1999,2000,2001,2002,2003,2004,2005,2006,2007,2008,2009,2010,2011,2012,2013,2014,2015,2016,2017,2018,2019
Aruba,,,,,,,,,,,,,,,,,,,,,,,,,,36.9M,91.2M,39.3M,34.9M,46.5M,48.5M,40.2M,44.3M,38.2M,26.9M,33M,25.9M,37.3M,16.7M,−11.2M,,,,,,,,,,,,,,,,,,,,
Afghanistan,117M,232M,113M,238M,296M,342M,312M,248M,171M,155M,164M,242M,279M,251M,201M,244M,249M,270M,212M,249M,66.4M,54.5M,25.2M,37.2M,18.2M,42.5M,5.94M,86.5M,127M,253M,194M,749M,300M,333M,329M,271M,219M,330M,238M,209M,216M,683M,1.79B,1.97B,2.68B,3.31B,3.29B,5.22B,4.93B,6.46B,6.42B,6.62B,6.51B,5.01B,4.82B,4.48B,4.29B,3.96B,3.79B,4.34B
Angola,−390k,282M,,210k,,13M,30.2M,185M,60k,−1.11M,−460k,−100k,660k,1M,1.68M,17.8M,59.9M,155M,125M,107M,113M,139M,149M,197M,259M,245M,282M,243M,268M,290M,398M,405M,462M,436M,641M,551M,610M,515M,488M,564M,461M,447M,605M,635M,1.35B,471M,187M,267M,359M,249M,236M,191M,242M,276M,227M,409M,220M,232M,163M,49.2M
Albania,,,,,,,,,,,,,,,,,,,,,,,,,,,,,9.31M,18M,16.3M,463M,564M,404M,223M,226M,294M,234M,379M,703M,491M,424M,453M,443M,352M,355M,358M,308M,339M,339M,354M,346M,336M,253M,261M,338M,180M,175M,344M,31.4M
United Arab Emirates,4.08M,5.18M,3.98M,3.56M,4.67M,120k,10.3M,12.4M,9.74M,7M,32.5M,32.3M,24.5M,3.58M,2.48M,14.8M,3.62M,113M,4.41M,16.5M,9.18M,−530k,11.3M,10.6M,8.6M,10.1M,72.3M,200M,−21.2M,−11.3M,4.84M,−12.9M,−13.1M,−14.1M,−11.1M,5.31M,,,,,,,,,,,,,,,,,,,,,,,,
Argentina,220M,360M,346M,206M,−34.4M,−443M,−119M,64.5M,−39.8M,51.5M,−33.3M,29.1M,6.71M,61.6M,65M,43.5M,50.7M,51.8M,43.5M,65.5M,96.2M,89.5M,76.5M,89.7M,87.4M,105M,147M,139M,231M,337M,246M,383M,342M,358M,227M,166M,152M,130M,94.2M,95.8M,86.1M,251M,150M,151M,111M,104M,124M,90.4M,116M,109M,120M,90.3M,173M,33.8M,46.1M,−21.1M,3.18M,−1.78M,73.1M,16.4M
Armenia,,,,,,,,,,,,,,,,,,,,,,,,,,,,,,,,4.33M,35.4M,170M,284M,286M,392M,228M,272M,293M,309M,313M,420M,321M,305M,200M,242M,370M,299M,398M,316M,368M,265M,269M,253M,377M,359M,272M,142M,428M
Antigua and Barbuda,,,,,,,,,,,,,,50k,14.8M,8.38M,11.6M,18M,11.1M,8.9M,12.8M,20.9M,11.6M,8.01M,5.65M,6.69M,10.3M,10.5M,14.7M,7.1M,6.79M,9.95M,6.54M,4.4M,5.91M,2.86M,4.93M,5.82M,12.4M,11.6M,13.3M,11.1M,15.9M,6.32M,1.88M,8.21M,3.42M,4.88M,5.34M,4.07M,18M,12.4M,1.86M,1.51M,2.43M,1.65M,−200k,10.7M,17.6M,28M
Azerbaijan,,,,,,,,,,,,,,,,,,,,,,,,,,,,,,,,330k,9.81M,33.7M,216M,150M,125M,252M,167M,235M,188M,297M,451M,366M,205M,235M,220M,213M,213M,212M,155M,247M,241M,−73M,200M,73.3M,78.7M,126M,87.4M,126M
Burundi,76M,72M,103M,56.5M,71.4M,41.4M,69.9M,80.4M,97M,108M,123M,139M,148M,134M,163M,176M,163M,153M,205M,231M,262M,307M,324M,363M,373M,378M,408M,349M,338M,355M,398M,376M,427M,309M,422M,355M,143M,81M,101M,111M,145M,231M,260M,297M,421M,419M,474M,506M,494M,566M,618M,534M,504M,530M,488M,394M,788M,456M,451M,602M
Benin,190k,11.1M,29.4M,34.1M,139M,135M,111M,119M,96M,90.2M,101M,181M,110M,127M,142M,198M,186M,162M,176M,216M,203M,200M,204M,222M,206M,256M,284M,238M,266M,460M,400M,387M,393M,401M,344M,339M,350M,307M,279M,296M,383M,440M,334M,384M,456M,397M,442M,480M,604M,662M,689M,655M,493M,626M,568M,466M,533M,709M,575M,612M
Burkina Faso,1.6M,13.7M,39.8M,36.3M,122M,134M,128M,136M,157M,161M,146M,177M,187M,276M,425M,323M,283M,366M,450M,492M,475M,531M,538M,465M,482M,483M,573M,482M,493M,465M,489M,621M,595M,673M,600M,604M,528M,522M,565M,564M,309M,615M,666M,693M,752M,793M,990M,946M,942M,1.06B,1.03B,906M,1.11B,1000M,1.08B,1.07B,1.1B,932M,1.11B,1.18B
Bangladesh,,,,,,,,,,,,122M,1.16B,1.92B,2.19B,3.9B,1.73B,2.54B,2.74B,2.82B,2.84B,2.51B,3.18B,2.39B,2.74B,2.41B,2.56B,2.77B,2.19B,2.36B,2.62B,2.33B,2.05B,1.61B,1.84B,1.22B,1.2B,1.17B,1.34B,1.37B,1.34B,1.35B,1.14B,1.59B,1.62B,1.39B,1.11B,1.28B,1.68B,1.08B,1.32B,1.33B,2B,2.48B,2.29B,2.72B,2.65B,3.9B,3.04B,4.53B
Bahrain,820k,9.02M,12.5M,5.85M,5.13M,7.34M,66.3M,390k,1.84M,1.1M,6.18M,27.4M,15.3M,65.8M,157M,94.7M,575M,156M,239M,340M,478M,469M,380M,622M,526M,183M,202M,15.3M,−4.55M,−4.1M,204M,135M,109M,155M,127M,119M,166M,202M,274M,83.4M,84.3M,104M,87.7M,166M,67.5M,,,,,,,,,,,,,,,
Bahamas,−400k,,,140k,510k,570k,380k,4.4M,410k,530k,520k,1.57M,7.16M,2.27M,2.2M,2.48M,2.15M,1.55M,2.37M,2.27M,3.25M,3.33M,3.31M,2.25M,22.9M,1.8M,3.57M,1.17M,2.42M,7.07M,4.74M,4.03M,3.89M,1.57M,1.3M,5.73M,,,,,,,,,,,,,,,,,,,,,,,,
Bosnia and Herzegovina,,,,,,,,,,,,,,,,,,,,,,,,,,,,,,20k,10000,10000,18.9M,98.5M,609M,1.21B,1.14B,1.24B,1.31B,1.84B,1.18B,1.01B,832M,687M,798M,610M,588M,599M,429M,403M,501M,575M,549M,484M,581M,375M,470M,458M,356M,475M
Belarus,,,,,,,,,,,,,,,,,,,,,,,,,,,,,,,,,,,,,,,,,,,,,,66.4M,83.8M,86.6M,103M,98.3M,138M,110M,100M,102M,112M,113M,−20.8M,−259M,119M,221M
Belize,18M,26.8M,47.9M,37M,10.7M,16.6M,19.3M,44.5M,45.4M,53.7M,42.9M,32.7M,22.9M,25.3M,29.8M,34.6M,47.3M,34.4M,56.4M,55.8M,31M,25.1M,28.7M,34.5M,33.8M,48.5M,49.5M,45M,44M,49.2M,47.7M,33.3M,37.5M,46.2M,46M,24.6M,27.9M,18.6M,19.7M,59.2M,24.3M,33.3M,31.5M,16M,7.67M,12.7M,8.38M,21.8M,22.2M,25.9M,22.8M,19.5M,25.4M,50.1M,35.4M,30.1M,37.5M,35.8M,33.8M,38.4M
Bermuda,,,,,90k,420k,460k,470k,320k,80k,70k,,60k,,150k,90k,140k,290k,460k,380k,630k,490k,170k,170k,210k,2.96M,190k,410k,60k,180k,61.5M,−6.86M,−6.48M,−6.37M,−15.9M,−2.27M,−4.67M,,,,,,,,,,,,,,,,,,,,,,,
Bolivia,88.8M,154M,215M,312M,242M,224M,187M,181M,239M,189M,170M,170M,232M,110M,223M,175M,197M,225M,326M,316M,326M,296M,261M,362M,326M,389M,517M,497M,692M,792M,722M,698M,902M,775M,719M,822M,949M,868M,776M,720M,631M,1.03B,879M,981M,817M,630M,900M,477M,572M,600M,544M,500M,634M,660M,637M,837M,742M,992M,729M,737M
Brazil,263M,1.96B,1.21B,1.31B,1.51B,1.6B,2.02B,1.01B,1.18B,703M,721M,590M,467M,290M,533M,485M,328M,211M,216M,196M,169M,541M,444M,275M,398M,253M,293M,474M,337M,332M,238M,272M,−444M,227M,312M,281M,302M,294M,327M,128M,298M,364M,309M,263M,187M,236M,113M,321M,435M,369M,470M,745M,1.26B,970M,838M,1.09B,735M,290M,445M,299M
Barbados,,,,,,,12.1M,4.06M,6.19M,9.29M,15.5M,28.2M,26.2M,22.1M,15.1M,15.9M,19.4M,15.4M,26.9M,17.3M,16.2M,24.8M,20.9M,36.7M,13.2M,14.6M,9.92M,8.98M,3.28M,1.68M,3.2M,3.24M,1.53M,7.45M,3.95M,370k,7.21M,8.18M,24.4M,−1.01M,2.99M,−310k,6.73M,27.1M,34.7M,−980k,−650k,18.2M,8.71M,11.3M,14.9M,,,,,,,,,
Brunei,70k,3.68M,5.4M,290k,510k,580k,570k,490k,210k,210k,70k,300k,110k,680k,740k,610k,450k,270k,270k,230k,60k,390k,610k,970k,1.82M,3.19M,4.07M,4.47M,5.51M,5.64M,4.97M,4.28M,5.9M,4.83M,4.65M,3.31M,,,,,,,,,,,,,,,,,,,,,,,,
Bhutan,,,,110k,100k,1.5M,430k,90k,1.18M,790k,1.65M,1.01M,1.18M,2.96M,2.57M,8.17M,12.5M,9.98M,9.07M,12.8M,19.3M,23.9M,27.9M,31.3M,42.7M,54.5M,76.7M,65.2M,58.8M,61M,61.9M,79.6M,71.3M,80.3M,87.3M,77.3M,70.4M,78.8M,75.4M,89.6M,72.4M,84.3M,86.2M,91M,83.1M,88.1M,102M,98.6M,74.8M,97.3M,87.4M,103M,144M,127M,122M,103M,53.3M,123M,108M,184M
Botswana,34.1M,52.4M,48.4M,48.6M,78.3M,84.5M,134M,139M,137M,105M,93.8M,110M,158M,162M,156M,186M,170M,154M,200M,250M,239M,229M,247M,259M,266M,250M,219M,293M,249M,269M,221M,199M,160M,193M,123M,118M,89.5M,170M,138M,81M,44.2M,42.5M,53.4M,36.5M,57.5M,57.2M,75.9M,112M,734M,315M,162M,124M,75.9M,110M,100M,69.2M,94.4M,105M,85.8M,68.7M
Central African Republic,300k,4.1M,10.7M,18.9M,135M,123M,116M,146M,121M,132M,96.3M,95.5M,140M,121M,163M,197M,140M,147M,142M,201M,236M,244M,226M,243M,358M,280M,275M,315M,338M,318M,366M,248M,234M,233M,224M,180M,199M,118M,163M,161M,103M,114M,84.2M,64.6M,127M,102M,148M,179M,253M,238M,259M,243M,218M,192M,574M,519M,540M,535M,656M,770M
Chile,129M,820M,933M,882M,722M,677M,791M,598M,441M,406M,316M,158M,201M,182M,65.8M,418M,39.8M,34.6M,16M,−82.6M,−22.7M,2.93M,5.41M,29.8M,40.8M,131M,11.2M,43.2M,79.4M,113M,152M,173M,173M,245M,195M,154M,224M,162M,138M,89.1M,70M,82.3M,13.5M,101M,70M,192M,108M,105M,93M,71.9M,176M,150M,117M,74.1M,230M,57.5M,194M,73.7M,,
China,,,,,,,,,,,,,,,,,,,,41.3M,148M,1.13B,1.24B,1.57B,1.89B,2.26B,1.99B,2.2B,2.86B,3.08B,2.81B,2.58B,3.69B,3.87B,3.52B,3.55B,2.99B,2.59B,3.03B,2.79B,2.16B,1.97B,1.9B,1.53B,1.76B,1.85B,1.35B,1.44B,1.21B,1.08B,698M,−504M,21.9M,−608M,−928M,−330M,−745M,−998M,−705M,−560M
Cote d'Ivoire,1.08M,30.7M,81.4M,75.8M,298M,294M,264M,244M,311M,324M,351M,317M,259M,290M,329M,355M,392M,344M,357M,382M,448M,303M,358M,414M,349M,322M,363M,422M,733M,685M,992M,909M,1.02B,1.05B,2.16B,1.45B,1.19B,602M,1.36B,614M,533M,315M,1.61B,326M,188M,105M,270M,181M,570M,2.32B,830M,1.33B,2.8B,1.23B,885M,691M,653M,863M,960M,1.23B
Cameroon,3.65M,64.9M,82M,72M,218M,247M,357M,274M,347M,255M,393M,299M,345M,283M,263M,395M,483M,608M,502M,678M,587M,477M,541M,329M,503M,415M,468M,361M,475M,811M,668M,766M,970M,759M,994M,543M,510M,688M,701M,603M,578M,737M,918M,1.12B,898M,470M,1.87B,1.91B,518M,633M,527M,565M,581M,712M,800M,711M,809M,1.27B,1.17B,1.37B
"Congo, Dem. Rep.",806M,829M,949M,927M,1.01B,1.12B,691M,678M,553M,598M,613M,683M,683M,661M,758M,928M,684M,834M,858M,1B,952M,970M,902M,853M,863M,838M,924M,1.22B,958M,1.23B,1.32B,693M,376M,253M,329M,235M,210M,222M,181M,195M,282M,394M,1.72B,7.02B,2.18B,2.07B,2.49B,1.35B,1.69B,2.36B,3.45B,5.28B,2.76B,2.46B,2.28B,2.73B,2.23B,2.39B,2.51B,3.08B
"Congo, Rep.",220k,1.77M,30.2M,50.3M,144M,121M,178M,136M,150M,114M,103M,108M,127M,124M,164M,197M,259M,157M,227M,219M,197M,192M,228M,275M,272M,197M,219M,239M,146M,156M,312M,191M,154M,171M,490M,155M,558M,369M,88.6M,210M,50.8M,112M,86.2M,87.1M,132M,1.58B,280M,117M,436M,267M,1.27B,241M,136M,143M,99.7M,95.4M,92.8M,112M,147M,192M
Colombia,−47.8M,343M,327M,460M,276M,250M,508M,571M,676M,578M,715M,532M,508M,574M,358M,260M,239M,128M,160M,93.3M,88.7M,132M,166M,118M,138M,153M,111M,143M,132M,124M,143M,186M,330M,157M,115M,221M,239M,260M,251M,453M,303M,586M,653M,1.09B,678M,787M,1.19B,811M,1.06B,1.14B,690M,1.02B,771M,837M,1.17B,1.45B,1.18B,884M,1.78B,911M
Comoros,,,,,,,43.7M,67.5M,55M,41.7M,52.7M,55.1M,54.5M,77.7M,115M,74.4M,88.3M,42.1M,40.2M,48.8M,96.9M,112M,95.8M,95M,113M,125M,95.5M,94.7M,85.2M,74.2M,64.8M,91.8M,64.3M,66.1M,52.3M,48.6M,48.6M,41.2M,55M,30.9M,30.6M,43.2M,40.7M,31M,29.4M,25.7M,34.3M,44.2M,38M,46.9M,68.3M,50M,94.9M,75.9M,70M,70.3M,57.5M,70.2M,90.9M,80M
Cape Verde,,32.6M,,,,,25.5M,7.23M,,60k,,,,,,31.6M,85.5M,82.6M,98.9M,77.5M,138M,120M,128M,146M,171M,175M,228M,153M,137M,153M,167M,155M,160M,168M,172M,147M,152M,161M,190M,198M,150M,127M,140M,188M,170M,189M,155M,166M,211M,192M,323M,230M,243M,234M,220M,167M,124M,129M,84.3M,156M
Costa Rica,28.2M,46.7M,59.9M,52.9M,74.1M,94.9M,77.8M,78.2M,68.4M,75.7M,65.1M,73.8M,77M,72.9M,66.9M,77.4M,49.2M,55M,88.4M,73.9M,55.3M,75.5M,151M,492M,438M,554M,368M,426M,326M,395M,342M,261M,199M,166M,114M,58.8M,−1.02M,10.6M,43.2M,9.47M,48.1M,33.2M,26.8M,48.2M,32.6M,35.3M,33.5M,64.9M,71M,100M,87.9M,33.9M,30M,30.7M,51.9M,121M,106M,103M,99.4M,60.1M
Cuba,1.9M,1.46M,300k,−1.22M,3.2M,3.98M,4.9M,4.96M,4.25M,8.19M,11.2M,14.1M,18.4M,22.4M,55.4M,63.6M,147M,136M,136M,113M,103M,65.4M,85.6M,89.9M,91.7M,104M,84.9M,87.2M,101M,101M,75.8M,52.1M,33M,64.4M,66.4M,83.1M,75.5M,93.4M,113M,88.1M,72.9M,88.1M,94.9M,99.2M,117M,102M,92.1M,99.4M,118M,109M,129M,80.7M,79.6M,93M,220M,634M,3B,761M,750M,497M
Cayman Islands,,,,,,,,,,,,,,,8.5M,6.13M,8.41M,5.69M,10.9M,1.95M,3.2M,2.37M,1.36M,900k,870k,170k,4M,3.85M,20.4M,2.16M,4.2M,−350k,120k,−470k,−1.28M,−610k,−2.35M,,,,,,,,,,,,,,,,,,,,,,,
Cyprus,233M,176M,126M,92.4M,37.9M,51.4M,11.6M,9.36M,5.79M,22.6M,39.6M,34.3M,39.1M,37.4M,92.6M,116M,201M,311M,141M,78.1M,125M,115M,77.4M,46.5M,42.9M,85.5M,71.2M,76.9M,76.1M,70.6M,60.8M,61.2M,38.5M,50.7M,63.7M,28.4M,31.1M,,,,,,,,,,,,,,,,,,,,,,,
Djibouti,,,,,,,46.3M,67.8M,65.1M,69.2M,78.7M,66.4M,71.4M,85.1M,123M,114M,93.5M,148M,291M,54.7M,162M,155M,147M,167M,269M,214M,238M,184M,155M,128M,303M,150M,149M,194M,168M,116M,114M,113M,107M,102M,102M,91.8M,107M,98.1M,72.8M,82.8M,125M,112M,133M,157M,123M,130M,139M,139M,156M,185M,197M,148M,179M,277M
Dominica,,,,,,,,,,,,,,410k,16.6M,30.7M,17M,18.1M,23M,24.3M,41.2M,36.3M,40.3M,24.9M,38.3M,42.5M,25.1M,28.8M,30.3M,39.4M,28.4M,25.2M,16.8M,12.9M,25.8M,28M,52.9M,17.3M,26.5M,11.5M,19.7M,28.4M,39M,13.2M,31.6M,23.6M,21.4M,19.2M,19.6M,34M,31.1M,21.6M,24.5M,18.7M,15.1M,12.4M,9.1M,20.1M,26.9M,52.4M
Dominican Republic,1.41M,1.15M,143M,305M,149M,491M,317M,344M,244M,187M,182M,121M,116M,87M,65.6M,74M,84.1M,49M,58.3M,125M,172M,152M,226M,142M,318M,352M,140M,205M,181M,221M,137M,111M,103M,−13.4M,78.8M,104M,99.5M,84.3M,149M,247M,80.9M,160M,219M,101M,115M,109M,98.2M,147M,172M,136M,194M,226M,260M,143M,159M,302M,190M,122M,89.3M,137M
Algeria,3.2B,3.83B,3.23B,2.18B,1.68B,1.07B,883M,746M,801M,857M,800M,766M,592M,565M,536M,828M,493M,405M,508M,254M,445M,441M,381M,247M,370M,524M,363M,385M,292M,277M,467M,293M,486M,459M,417M,366M,383M,346M,595M,199M,315M,328M,289M,305M,361M,386M,257M,380M,292M,283M,194M,178M,144M,192M,148M,76M,155M,183M,145M,182M
Ecuador,45.4M,78.1M,88.4M,108M,121M,137M,155M,163M,136M,100M,117M,121M,101M,135M,118M,143M,169M,108M,84.2M,136M,73.3M,86.1M,104M,126M,178M,190M,197M,340M,262M,236M,218M,289M,297M,265M,262M,223M,293M,215M,245M,212M,232M,260M,340M,266M,230M,300M,244M,234M,238M,224M,169M,179M,154M,148M,158M,347M,263M,222M,404M,543M
Egypt,1.55B,779M,1.23B,1.39B,1.57B,831M,628M,233M,229M,60.9M,1.11B,811M,738M,4.07B,5.68B,9.17B,8.56B,8.59B,7.73B,4.09B,3.41B,3.11B,3.43B,3.34B,4.04B,3.89B,3.31B,3.21B,2.59B,2.86B,9.56B,8.3B,5.46B,3.57B,3.85B,2.57B,2.86B,2.77B,2.79B,2.27B,2.01B,1.93B,1.85B,1.32B,1.81B,1.24B,1.02B,1.22B,1.7B,982M,596M,384M,1.6B,5.08B,3.32B,2.72B,2.7B,109M,2.08B,1.79B
Eritrea,,,,,,,,,,,,170k,,2.84M,8.9M,5.9M,,6.88M,14M,10.4M,10.8M,13.4M,10.9M,11M,11.2M,,2.03M,3.53M,3.28M,,6.7M,,1.36M,107M,224M,199M,214M,173M,238M,219M,274M,450M,334M,412M,322M,413M,137M,158M,139M,142M,161M,120M,129M,76.1M,78.6M,99.7M,71.3M,82.5M,84.2M,282M
Ethiopia,140M,170M,184M,171M,110M,140M,162M,175M,275M,228M,254M,255M,240M,304M,501M,481M,504M,361M,394M,479M,484M,610M,506M,868M,990M,1.89B,1.37B,1.15B,1.68B,1.24B,1.51B,1.6B,1.61B,1.55B,1.49B,1.12B,1.04B,808M,944M,910M,1.03B,1.66B,1.91B,2.1B,2.16B,2.25B,2.24B,2.63B,3.29B,3.89B,3.52B,3.35B,3.17B,3.74B,3.41B,3.36B,4.32B,4.29B,4.94B,4.89B
Fiji,10.7M,9.64M,100M,40.4M,30.3M,36.3M,32.5M,22M,51.6M,69.8M,51M,69M,50.3M,78.1M,68.8M,84.1M,106M,92M,87.7M,91.2M,89.1M,99.8M,88.4M,84.7M,82.7M,86.7M,95M,69.1M,92.5M,70.6M,81.3M,71.5M,98.7M,89.6M,57.5M,57.8M,59.6M,61.2M,54.9M,48M,42.3M,41.3M,49.7M,65.3M,78.3M,77.8M,66.9M,54.2M,46.4M,66.3M,69.8M,61.5M,87.4M,80.5M,85.6M,109M,124M,149M,121M,143M
"Micronesia, Fed. Sts.",,,,,,,,,,,,,,,,,,,,,,,,,,,,,,,,660k,14.5M,88.8M,148M,98.4M,164M,119M,105M,146M,133M,185M,149M,148M,109M,130M,129M,132M,104M,137M,67.2M,135M,153M,150M,123M,86.3M,53M,100M,98.8M,91.9M
Gabon,190k,5.63M,25.3M,34.6M,114M,97.4M,97.1M,104M,92.1M,127M,160M,150M,150M,196M,104M,208M,114M,86M,118M,88.1M,116M,101M,155M,169M,212M,168M,162M,144M,176M,225M,188M,205M,91.8M,141M,246M,181M,156M,54.9M,62.4M,68.9M,20.4M,13M,108M,−12.6M,45.8M,55.5M,33.3M,51.8M,58M,73M,98.3M,60.9M,65.7M,81.5M,103M,107M,44.4M,112M,117M,122M
Georgia,,,,,,,,,,,,,,,,,,,,,,,,,,,,,,,,340k,24.2M,160M,261M,272M,403M,334M,292M,342M,249M,431M,447M,294M,375M,340M,402M,399M,853M,818M,609M,531M,648M,626M,546M,480M,494M,469M,590M,512M
Ghana,21.3M,21.1M,40.3M,124M,148M,311M,388M,313M,419M,445M,360M,326M,296M,188M,145M,457M,221M,294M,325M,435M,437M,353M,359M,277M,555M,494M,739M,726M,929M,1.15B,817M,1.24B,824M,858M,691M,762M,798M,655M,925M,794M,818M,962M,982M,1.23B,1.58B,1.28B,1.33B,1.15B,1.24B,1.57B,1.69B,1.72B,1.73B,1.25B,1.06B,1.87B,1.4B,1.31B,1.07B,949M
Gibraltar,4.67M,8.35M,3.98M,−90k,3.85M,8.84M,14.1M,21.2M,7.56M,11.2M,19.5M,25.5M,25.4M,35.5M,33.9M,13M,13.5M,18.4M,11.9M,17.4M,22.5M,15.4M,6.92M,8.2M,28.6M,74.6M,45M,26.8M,25.8M,720k,770k,3.33M,3.96M,−10000,790k,270k,−310k,450k,260k,40k,,,,,,,,,,,,,,,,,,,,
Guinea,1.3M,17.9M,68.2M,152M,90.4M,151M,86.9M,46.5M,34.6M,83.6M,69.9M,54.3M,24.6M,57.2M,80.9M,90M,36.5M,71.4M,175M,142M,207M,265M,286M,172M,317M,293M,354M,383M,414M,617M,428M,544M,601M,567M,482M,493M,377M,526M,488M,328M,221M,433M,366M,317M,319M,221M,192M,261M,337M,209M,218M,189M,606M,441M,532M,575M,602M,492M,594M,592M
Gambia,5.37M,13.7M,23.4M,46.7M,22.4M,34.8M,26.7M,22.6M,43.4M,26M,9.28M,20.6M,26.8M,31.6M,45.1M,31.6M,41.7M,73.2M,101M,88.2M,123M,168M,115M,101M,133M,123M,218M,186M,144M,174M,147M,147M,150M,118M,90.8M,56.5M,46.5M,53.7M,54.5M,46.5M,71.3M,77.5M,89.9M,77.8M,71M,68M,81.3M,96.7M,92.4M,123M,117M,124M,132M,106M,93.2M,115M,96.8M,297M,234M,199M
Guinea-Bissau,,9.72M,,,,,23.3M,5.19M,,810k,,1.25M,,40k,41.6M,73.1M,82.5M,125M,140M,127M,128M,153M,159M,164M,151M,149M,146M,199M,169M,207M,193M,166M,148M,136M,267M,146M,238M,174M,134M,77.8M,132M,101M,91.9M,188M,90.1M,75.7M,96.7M,125M,125M,141M,125M,110M,78.1M,101M,104M,102M,212M,118M,154M,124M
Equatorial Guinea,,,,,,,,,,,,,,4.64M,65.8M,7.94M,1.48M,2.73M,1.67M,6.79M,21.1M,25.7M,37.3M,28.6M,40M,44.5M,42.3M,100M,80.7M,99.4M,89.5M,89.7M,82.6M,76M,41.8M,42.6M,40.3M,35.2M,33M,30M,36M,23M,31.3M,26.8M,33M,41.9M,27.6M,29.4M,28.7M,28.7M,81.8M,21.8M,13.9M,4.27M,360k,8.05M,7.43M,7.23M,6.72M,65.4M
Grenada,,,,,,,,,,,,,,230k,8.65M,10.1M,9.06M,11.1M,7.68M,7.32M,9.04M,15.5M,15M,19.2M,61.8M,75.1M,49.2M,35.6M,34.5M,24.5M,20.2M,22.2M,17.4M,10.9M,32.5M,11.9M,13.6M,11.2M,8.07M,13.6M,21.3M,15.5M,14.1M,11.7M,17.2M,58.3M,29.4M,26.3M,30.3M,44.9M,32.3M,9.4M,7.21M,11.9M,37.5M,25.5M,8.71M,6.12M,31.7M,15M
Guatemala,111M,102M,65.6M,68.3M,78.9M,95M,64.6M,91.6M,95.5M,74.1M,77.7M,60.1M,90.7M,81.3M,90M,111M,177M,138M,93.1M,110M,101M,94.2M,105M,131M,113M,171M,247M,449M,382M,425M,300M,292M,299M,311M,264M,253M,221M,351M,324M,379M,356M,333M,368M,329M,274M,304M,541M,456M,497M,372M,397M,337M,298M,476M,274M,435M,281M,379M,399M,398M
Guyana,75M,86.4M,73.2M,52.3M,40.8M,50.3M,62.9M,73.1M,99.4M,112M,103M,88.7M,62.9M,35.5M,48.6M,37.7M,76.9M,37M,81.4M,78.5M,64.1M,126M,61.7M,37.4M,24.6M,26.3M,50M,45.1M,39.4M,66.2M,240M,182M,95.9M,128M,94.6M,87.2M,112M,299M,99.2M,76.5M,88.5M,90.8M,65.2M,74.4M,114M,115M,143M,81.2M,118M,111M,104M,94.6M,111M,96.9M,141M,33.6M,75.6M,53.5M,104M,119M
"Hong Kong, China",41.4M,33.6M,11.9M,35.4M,1.94M,27.1M,16.1M,17.7M,8.4M,7M,10.2M,24.1M,17.3M,3.6M,3.65M,−5.19M,9.76M,7.23M,6.32M,29.3M,24.6M,22.3M,19.5M,21.8M,34.9M,57.1M,43.2M,38.4M,37.5M,66.8M,55.8M,51.4M,−45.9M,39.9M,33.9M,18.9M,14.1M,,,,,,,,,,,,,,,,,,,,,,,
Honduras,36.3M,48.6M,39.8M,48.8M,79.4M,73.8M,61.1M,53.4M,98.1M,68.5M,75.7M,60.8M,80.1M,62.3M,80.2M,140M,105M,108M,144M,186M,208M,215M,293M,345M,501M,520M,522M,457M,499M,413M,643M,451M,439M,407M,345M,449M,287M,370M,401M,1.04B,577M,813M,522M,401M,630M,718M,564M,413M,449M,424M,473M,338M,543M,601M,581M,571M,437M,459M,665M,464M
Croatia,,,,,,,,,,,,,,,,,,,,,,,,,,,,,,,,,10000,,153M,68.7M,163M,61.8M,64.5M,72.2M,103M,179M,194M,160M,147M,142M,219M,164M,222M,159M,127M,,,,,,,,,
Haiti,69.2M,93.6M,36.1M,21.1M,25.9M,39.2M,27.8M,27.3M,33.9M,23.6M,36.4M,30.9M,34.9M,35.2M,52.8M,149M,190M,210M,216M,197M,227M,231M,270M,279M,282M,330M,360M,385M,228M,322M,243M,261M,150M,184M,959M,935M,442M,399M,509M,313M,265M,253M,219M,246M,341M,435M,602M,656M,829M,1.01B,2.95B,1.48B,1.26B,1.13B,1.05B,1.11B,1.13B,1.01B,997M,733M
Indonesia,805M,1.09B,1.38B,784M,496M,370M,678M,1.79B,2.32B,2.19B,3.01B,3.51B,2.64B,2.71B,2.64B,2.47B,2.27B,1.59B,1.66B,1.79B,2.16B,2.27B,2.18B,1.78B,1.67B,1.5B,1.43B,1.85B,2.13B,2.47B,2.18B,2.26B,2.18B,2.1B,1.61B,1.2B,1.01B,914M,1.52B,2.29B,1.95B,1.85B,1.72B,1.94B,229M,2.66B,1.41B,786M,1.16B,1.03B,1.29B,414M,166M,38.9M,−422M,−52.3M,−1.71M,312M,963M,−606M
India,5.34B,4.49B,4.64B,6.67B,8.22B,8.57B,8.16B,8.75B,5.77B,5.38B,4.83B,5.54B,3.29B,3.64B,5.16B,5.9B,6.23B,3.3B,3.26B,3.43B,5.02B,4.74B,4.06B,4.57B,4.34B,4.11B,4.04B,2.92B,3.2B,2.86B,2.06B,3.64B,3.15B,1.93B,2.68B,1.89B,2.2B,2.05B,2.04B,1.75B,1.76B,2.35B,2.25B,725M,878M,2.02B,1.46B,1.26B,1.86B,2.36B,2.63B,2.91B,1.46B,2.3B,2.81B,3.39B,2.78B,3.31B,2.46B,2.61B
Iran,166M,856M,372M,179M,31.8M,161M,97.7M,270M,72.6M,109M,158M,66.6M,56.1M,−13.8M,39.9M,5.77M,−17.5M,116M,627M,11.9M,62.7M,15.9M,4.51M,122M,27.8M,36.9M,55.8M,125M,135M,156M,176M,275M,159M,198M,176M,193M,171M,246M,209M,205M,176M,164M,166M,166M,213M,114M,128M,101M,89.8M,86.6M,106M,97.8M,140M,120M,71.7M,121M,127M,148M,166M,217M
Iraq,10.3M,5.21M,15.2M,33.6M,78.7M,77.6M,25.2M,23.1M,15.4M,27.4M,52.4M,96.8M,121M,63.9M,17.8M,404M,71.3M,243M,184M,69M,27.1M,626M,10.1M,17.3M,−1.3M,46.9M,49.3M,117M,16.8M,25.8M,98.7M,867M,188M,243M,372M,448M,458M,305M,170M,119M,162M,201M,174M,3.05B,5.64B,25.7B,10.3B,9.96B,9.86B,3.15B,2.37B,1.94B,1.24B,1.49B,1.32B,1.58B,2.39B,3.04B,2.3B,2.24B
Israel,779M,758M,717M,747M,622M,773M,679M,426M,358M,303M,391M,416M,435M,819M,473M,1.72B,2.26B,2.63B,2.75B,3.36B,2.28B,1.84B,1.96B,2.94B,2.67B,4.03B,3.85B,2.41B,2.31B,2.14B,2.36B,2.83B,3.34B,2.02B,1.95B,516M,3.36B,,,,,,,,,,,,,,,,,,,,,,,
Jamaica,,96.9M,111M,23.3M,27M,72.9M,69.8M,61.4M,113M,88.8M,61.4M,99.5M,88.4M,71.5M,90.7M,74.1M,69M,79.9M,345M,296M,256M,330M,377M,390M,377M,362M,354M,307M,325M,441M,415M,236M,189M,166M,181M,151M,77.4M,102M,28.8M,−20.4M,36.2M,101M,46.4M,16.9M,104M,51M,44.2M,29.3M,82.1M,147M,138M,41.7M,31.2M,68.1M,89.2M,61.1M,29.4M,64.1M,100M,130M
Jordan,636M,654M,571M,563M,513M,461M,495M,344M,287M,303M,496M,345M,538M,936M,1.29B,1.81B,2.03B,1.44B,1.36B,3.68B,3.66B,2.99B,2.2B,2.09B,1.74B,1.52B,1.27B,1.15B,790M,565M,1.38B,1.23B,551M,434M,462M,614M,609M,605M,571M,587M,768M,660M,808M,1.74B,763M,854M,682M,696M,792M,809M,1.02B,1.02B,1.2B,1.39B,2.69B,2.27B,2.89B,3.09B,2.53B,2.82B
Kazakhstan,,,,,,,,,,,,,,,,,,,,,,,,,,,,,,,,162M,15.8M,22.8M,74M,71.8M,161M,158M,264M,208M,224M,202M,263M,334M,289M,236M,187M,264M,333M,285M,202M,180M,117M,77.2M,78.7M,78.6M,65.3M,60M,79.9M,56.6M
Kenya,207M,588M,439M,489M,482M,567M,400M,273M,442M,401M,392M,424M,408M,460M,503M,458M,558M,527M,711M,865M,898M,1.09B,1.21B,984M,1.07B,1.1B,943M,1000M,1.35B,1.74B,1.75B,1.26B,1.17B,1.24B,872M,823M,721M,593M,559M,405M,707M,705M,551M,662M,755M,850M,1.04B,1.37B,1.37B,1.85B,1.69B,2.42B,2.63B,3.21B,2.58B,2.58B,2.3B,2.57B,2.49B,3.29B
Kyrgyz Republic,,,,,,,,,,,,,,,,,,,,,,,,,,,,,,,,,24.4M,146M,217M,280M,248M,252M,266M,260M,256M,184M,227M,216M,232M,253M,269M,241M,296M,262M,342M,390M,413M,459M,543M,830M,580M,478M,416M,453M
Cambodia,188M,168M,150M,159M,89.8M,70.1M,84.3M,97.7M,68.8M,87M,132M,221M,334M,644M,1.25B,301M,2.57M,1.08M,700k,282M,621M,268M,88.6M,96.3M,56.3M,36.5M,32.4M,30.9M,35.4M,41.6M,64.9M,134M,271M,407M,383M,574M,477M,437M,422M,343M,478M,519M,574M,541M,468M,508M,525M,658M,602M,631M,660M,626M,737M,760M,765M,725M,764M,883M,783M,1B
Kiribati,200k,2.5M,2.96M,3.75M,2.46M,3.57M,4.91M,11.2M,11M,11.1M,15.9M,16.9M,25.5M,33.4M,28.1M,24.2M,17.9M,24.7M,33M,25M,41.2M,34.4M,34.9M,40.6M,29.8M,31.3M,28.2M,31.2M,25.1M,27.6M,28M,27.3M,33.3M,22.1M,21.7M,19.3M,17.2M,21.4M,25.9M,27.6M,25.1M,21M,31.6M,23.3M,19M,30.1M,29.3M,29.3M,27.2M,27M,22.1M,53.7M,54M,57.4M,74M,68.9M,64.2M,78.6M,75.1M,58M
St. Kitts and Nevis,,,,,,,,,,,,,,50k,18M,6.5M,10.7M,7.69M,6.57M,4.72M,14.2M,8.69M,7.4M,6.95M,9.05M,10.9M,12M,13.8M,24.2M,23.1M,12.5M,10.7M,10.8M,15.1M,8.5M,4.55M,8.44M,9.77M,9.09M,6.36M,5.79M,15.1M,37.9M,70k,−270k,2.8M,5.31M,3.2M,42.6M,2.94M,10.9M,14.1M,21M,28.4M,,,,,,
South Korea,1.67B,1.51B,1.54B,1.72B,1.09B,1.54B,1.51B,1.68B,1.46B,2.08B,1.61B,1.84B,1.83B,1.25B,1000M,911M,758M,744M,432M,324M,313M,692M,88.7M,32.1M,−55M,−3.57M,−24.6M,12.6M,4.24M,65.1M,54.9M,58.5M,−22.3M,−50.7M,−113M,24.3M,−153M,−166M,−57.1M,−54.7M,,,,,,,,,,,,,,,,,,,,
Kosovo,,,,,,,,,,,,,,,,,,,,,,,,,,,,,,,,,,,,,,,,,,,,,,,,,,782M,512M,529M,551M,536M,541M,469M,393M,410M,345M,355M
Kuwait,,−1.23M,−18.3M,−7.26M,−6.11M,−8.78M,−9.62M,−9.54M,80k,2.03M,2.16M,2.98M,3.1M,1.85M,1.54M,1.22M,660k,1.55M,2.35M,2.81M,22.5M,23.2M,14.7M,13.3M,12.3M,11.5M,10M,5.54M,8.27M,7.6M,18.9M,16.8M,8.75M,2.66M,5.75M,4.91M,,,,,,,,,,,,,,,,,,,,,,,,
Lao,222M,340M,206M,249M,302M,440M,444M,462M,366M,385M,384M,375M,328M,330M,241M,132M,96.2M,93.9M,185M,123M,96.7M,94.9M,95.3M,77.3M,83.6M,86.5M,81.4M,89.6M,107M,168M,149M,149M,189M,205M,235M,263M,295M,309M,276M,297M,295M,291M,318M,305M,257M,269M,337M,352M,443M,369M,369M,335M,373M,397M,451M,505M,421M,497M,589M,644M
Lebanon,94.4M,89.5M,64.4M,56M,22.4M,59.5M,56.2M,56.5M,125M,55.3M,119M,34.8M,77.2M,57.3M,581M,54.5M,144M,446M,669M,315M,686M,1.11B,471M,316M,191M,206M,132M,185M,248M,208M,428M,182M,152M,202M,313M,234M,301M,359M,478M,274M,306M,298M,296M,676M,310M,264M,897M,996M,1.02B,579M,439M,450M,722M,585M,774M,1.01B,1.21B,1.36B,1.42B,1.56B
Liberia,64.9M,178M,536M,226M,101M,221M,238M,151M,93M,89.9M,69.7M,64.5M,61.7M,46.4M,60.3M,73.5M,93.4M,105M,134M,205M,231M,261M,255M,278M,301M,206M,194M,139M,109M,101M,173M,238M,165M,175M,92.6M,155M,216M,107M,105M,133M,99.1M,58.2M,80M,139M,260M,261M,293M,1.15B,1.24B,513M,1.39B,720M,556M,517M,723M,1.16B,864M,654M,573M,605M
Libya,316M,288M,243M,193M,146M,59M,12.7M,19.1M,46.7M,53M,30.1M,20.3M,42.1M,71M,60.9M,5.92M,34.5M,27.3M,18.5M,9.65M,30.6M,11.2M,262M,13.6M,12.6M,14.5M,24.4M,10.9M,9.16M,17M,12.1M,10.6M,4.38M,4.01M,5.32M,6.91M,4.57M,5.37M,7.65M,6.57M,,,,,,25.7M,44M,19.8M,71.1M,38.6M,7.97M,624M,86.8M,120M,193M,165M,191M,455M,303M,323M
St. Lucia,,,,,,,,,,,,,,410k,33.4M,35.3M,28.7M,14.5M,11M,5.66M,20.2M,28M,20.1M,16.7M,14M,17.5M,24.3M,19.9M,29.5M,29.3M,18M,33.3M,36.6M,34.4M,43.9M,61.4M,48M,34M,8.95M,32M,12.2M,26.7M,45.5M,18.9M,−19.8M,11.8M,20.3M,19.4M,15.4M,37.2M,40M,32.1M,25.9M,23.9M,18.3M,14.8M,16.1M,16M,8.56M,32.7M
Sri Lanka,76.1M,75.1M,93.5M,78.1M,63.1M,105M,222M,311M,345M,319M,319M,322M,289M,251M,308M,518M,561M,561M,826M,765M,865M,854M,948M,1.07B,1.06B,1.07B,987M,721M,859M,825M,890M,994M,683M,719M,601M,471M,390M,302M,394M,204M,248M,328M,329M,628M,440M,1.14B,741M,513M,609M,600M,527M,535M,430M,381M,467M,471M,399M,328M,−247M,203M
Lesotho,15.4M,39.7M,54.4M,51.1M,49.9M,78.2M,96.9M,104M,106M,96.4M,57.9M,99.2M,76.8M,68.6M,90.2M,109M,101M,122M,149M,170M,216M,251M,228M,264M,250M,233M,179M,191M,190M,231M,209M,180M,198M,210M,164M,145M,130M,126M,85.1M,44.5M,58.8M,84.2M,111M,98.6M,109M,74.5M,75.8M,132M,138M,123M,261M,254M,284M,326M,106M,91.7M,118M,150M,154M,147M
"Macao, China",16.2M,14.4M,,6.56M,,,2.05M,820k,960k,440k,1.29M,1.39M,470k,550k,120k,70k,,,,40k,10.3M,20k,1.74M,1.34M,1.09M,1.01M,710k,190k,520k,480k,310k,140k,160k,200k,400k,−4.84M,360k,440k,660k,360k,,,,,,,,,,,,,,,,,,,,
Morocco,397M,759M,574M,674M,719M,713M,640M,387M,548M,486M,517M,744M,518M,423M,474M,943M,878M,1.95B,1.19B,1.32B,2.65B,2.49B,2.09B,1.13B,866M,2.18B,880M,751M,809M,845M,1.81B,2.2B,1.27B,1.11B,925M,622M,801M,652M,742M,959M,648M,759M,546M,724M,876M,827M,1.19B,1.2B,1.35B,968M,942M,1.34B,1.43B,1.91B,2.09B,1.64B,2.22B,2.55B,818M,786M
Moldova,,,,,,,,,,,,,,,,,,,,,,,,,,,,,,,,,,,,,,90.7M,57M,150M,180M,175M,204M,154M,143M,194M,247M,271M,283M,242M,468M,428M,462M,336M,498M,334M,281M,254M,231M,352M
Madagascar,28.7M,14.8M,45.2M,76.4M,376M,383M,345M,315M,343M,309M,321M,296M,311M,248M,274M,310M,228M,205M,268M,342M,522M,569M,603M,468M,412M,490M,641M,590M,486M,595M,594M,647M,493M,494M,381M,363M,436M,1.16B,676M,490M,468M,567M,546M,691M,1.43B,1.03B,861M,909M,817M,431M,479M,422M,357M,474M,558M,721M,664M,812M,696M,770M
Maldives,280k,2.46M,4.38M,2.66M,2.42M,940k,13.9M,2.82M,2.05M,1.13M,1.62M,5.59M,3.74M,2.96M,2.6M,12.1M,11.3M,12.1M,21.1M,15.7M,48.5M,29.6M,12.9M,24M,12.3M,20.6M,32.1M,26.2M,33.4M,40.6M,21.8M,36.4M,39.2M,35.3M,32.1M,57.5M,30.8M,28.9M,31M,34.7M,23.6M,30.6M,28.8M,20.5M,30M,77.9M,37.5M,33.9M,50.7M,26.5M,80M,44.9M,52.1M,19.4M,20.9M,25.8M,23.5M,48.3M,131M,73M
Mexico,55M,557M,261M,42.3M,−93.3M,327M,223M,257M,178M,127M,203M,111M,120M,62M,95.5M,80.6M,73.7M,57.7M,44.4M,165M,149M,264M,359M,354M,227M,357M,503M,304M,286M,187M,262M,407M,436M,625M,546M,368M,308M,140M,64.2M,78.3M,−10.4M,153M,192M,148M,162M,244M,289M,128M,165M,212M,483M,967M,435M,558M,787M,337M,873M,791M,549M,544M
Marshall Islands,,,,,,,,,,,,,,,,,,,,,,,,,,,,,,,,400k,5.74M,44.5M,70.3M,46.4M,96.7M,75.7M,58.5M,80.8M,65.9M,92.8M,75M,68.8M,63M,68M,67.2M,62.8M,60.8M,67.9M,23.8M,91.7M,86.6M,97.6M,58.4M,60.4M,12.9M,74M,54.4M,65.4M
North Macedonia,,,,,,,,,,,,,,,,,,,,,,,,,,,,,,,,,,4.99M,147M,93.2M,132M,132M,144M,387M,390M,387M,411M,345M,313M,260M,223M,204M,192M,187M,179M,177M,141M,184M,196M,224M,176M,155M,170M,145M
Mali,660k,17.4M,84.6M,57.1M,139M,169M,187M,123M,203M,152M,145M,179M,207M,346M,501M,534M,311M,363M,442M,474M,618M,562M,528M,552M,886M,1.01B,798M,655M,745M,770M,725M,668M,601M,540M,607M,655M,609M,594M,485M,501M,446M,546M,623M,713M,685M,824M,956M,1.02B,915M,976M,1.09B,1.2B,990M,1.32B,1.17B,1.28B,1.29B,1.42B,1.5B,1.9B
Malta,123M,93.8M,81.5M,157M,173M,137M,138M,126M,143M,124M,141M,100M,81.6M,141M,98.3M,130M,117M,108M,117M,133M,39.3M,152M,75.7M,129M,32.6M,49.5M,14.5M,−2.35M,−4.62M,−8.79M,8.13M,32.1M,6.14M,49.6M,69.1M,14.6M,101M,34.1M,33.1M,38.7M,37.2M,3M,17.4M,,,,,,,,,,,,,,,,,
Myanmar,371M,215M,305M,392M,203M,152M,139M,97.7M,120M,197M,156M,264M,246M,312M,264M,202M,229M,294M,544M,802M,660M,586M,684M,680M,585M,756M,636M,476M,526M,213M,213M,222M,131M,110M,167M,143M,49.7M,77.8M,104M,99.6M,126M,158M,156M,150M,140M,161M,158M,198M,513M,349M,339M,334M,450M,3.63B,1.3B,1.23B,1.59B,1.59B,1.71B,2.1B
Montenegro,,,,,,,,,,,,,,,,,,,,,,,,,,,,,,,,,,,,,,,,,,,,10.3M,23.4M,4.37M,108M,106M,97.5M,74.1M,76M,116M,100M,107M,92.3M,108M,91.4M,124M,156M,101M
Mongolia,,,,,,,,,,,,,,,,,12M,11M,9.65M,8.53M,5.55M,5.72M,5.84M,4.87M,5.4M,12.8M,13.2M,8M,5.96M,9.38M,18.8M,83.5M,121M,121M,176M,140M,171M,221M,208M,205M,217M,243M,241M,255M,243M,212M,197M,215M,228M,309M,286M,311M,422M,415M,302M,253M,332M,782M,334M,320M
Northern Mariana Islands,33.2M,39.5M,52M,109M,70.1M,113M,109M,119M,168M,247M,246M,258M,266M,289M,304M,301M,314M,302M,312M,318M,285M,324M,364M,290M,387M,323M,455M,352M,282M,286M,104M,35.5M,9.24M,139M,3.74M,−750k,−1.34M,930k,270k,160k,,,,,,,,,,,,,,,,,,,,
Mozambique,160k,43.1M,670k,1.67M,−500k,,69.8M,183M,140k,410k,770k,1.1M,1.1M,740k,3.21M,67M,234M,249M,298M,356M,372M,343M,524M,555M,709M,795M,903M,1.24B,1.59B,1.38B,1.5B,1.59B,2.04B,1.78B,1.73B,1.37B,1.17B,1.35B,1.5B,1.17B,1.4B,1.48B,3.35B,1.34B,1.45B,1.46B,1.78B,1.78B,1.89B,2B,1.93B,1.95B,2.01B,2.23B,2.01B,1.92B,1.62B,1.87B,1.82B,1.94B
Mauritania,340k,10.4M,21.9M,16M,95.4M,71M,151M,90.6M,158M,80.6M,49.6M,87.2M,71.7M,143M,415M,310M,732M,583M,691M,443M,404M,542M,466M,449M,447M,531M,476M,347M,310M,434M,353M,314M,269M,450M,347M,260M,334M,318M,226M,304M,328M,437M,543M,326M,223M,212M,236M,347M,434M,365M,365M,351M,394M,278M,246M,348M,326M,304M,448M,421M
Mauritius,5.08M,52.5M,39.3M,52.5M,18.5M,17.5M,34M,39.7M,82M,41.8M,40.7M,56.7M,56.5M,66.6M,111M,104M,61.7M,75.2M,125M,79.1M,74M,136M,121M,105M,89.8M,70.2M,110M,110M,95.4M,96.7M,127M,95.4M,63M,38M,22.3M,29.4M,27.5M,59M,55.8M,60.4M,32.1M,32.6M,36.8M,−18.4M,37.3M,36.3M,20.5M,66.7M,98.4M,146M,121M,169M,171M,135M,39.9M,85.1M,45.8M,15M,69.2M,22.3M
Malawi,41.4M,79M,107M,150M,282M,275M,240M,226M,343M,202M,249M,196M,206M,153M,188M,240M,235M,273M,292M,360M,323M,328M,299M,286M,470M,295M,400M,476M,615M,702M,740M,794M,791M,695M,597M,537M,609M,461M,592M,610M,630M,619M,545M,646M,573M,634M,765M,757M,879M,778M,1B,758M,1.12B,1.07B,885M,1.1B,1.31B,1.58B,1.28B,1.23B
Malaysia,128M,173M,169M,94.8M,137M,173M,220M,165M,196M,225M,182M,269M,285M,209M,282M,370M,228M,232M,199M,293M,298M,339M,319M,420M,728M,545M,413M,530M,173M,195M,593M,349M,224M,170M,99.1M,114M,−382M,−220M,220M,147M,62.8M,40.6M,113M,120M,288M,32.8M,248M,216M,146M,128M,6.91M,42.5M,18.8M,−103M,17.9M,−3.07M,−47.4M,−27.8M,−34.5M,9.07M
Namibia,,,,,,,,,,,,,90k,,,,,,,,,,,30k,,15M,32.2M,29.7M,36.5M,101M,186M,270M,196M,221M,194M,230M,241M,235M,260M,257M,242M,178M,206M,193M,208M,133M,171M,231M,208M,332M,271M,276M,265M,268M,231M,153M,183M,199M,159M,152M
New Caledonia,,,,,,,123M,80.8M,106M,108M,152M,238M,294M,326M,262M,214M,155M,247M,304M,336M,397M,349M,396M,480M,369M,400M,418M,484M,429M,480M,429M,445M,473M,548M,551M,542M,481M,465M,465M,450M,,,,,,,,,,,,,,,,,,,,
Niger,400k,18.5M,39.2M,36.7M,114M,109M,163M,155M,204M,218M,205M,243M,234M,341M,583M,497M,464M,316M,443M,424M,368M,470M,643M,449M,425M,757M,644M,633M,614M,520M,575M,540M,488M,478M,494M,340M,319M,459M,407M,262M,313M,405M,436M,610M,630M,592M,597M,585M,585M,458M,735M,607M,864M,754M,868M,928M,1.02B,1.28B,1.2B,1.52B
Nigeria,313M,277M,250M,142M,333M,569M,485M,493M,494M,537M,684M,589M,429M,360M,294M,300M,180M,137M,112M,64.9M,76M,98.5M,86.6M,112M,86.7M,83.7M,116M,112M,168M,490M,362M,365M,344M,421M,266M,250M,241M,269M,280M,204M,244M,246M,420M,394M,663M,6.79B,11.9B,1.96B,1.31B,1.68B,2.1B,1.76B,1.88B,2.45B,2.37B,2.52B,2.63B,3.5B,3.3B,3.57B
Nicaragua,55.7M,62M,48.8M,50.5M,60.2M,58.9M,77.1M,67.3M,64.5M,87.7M,116M,75.3M,54.7M,123M,123M,100M,93.5M,77.9M,87.7M,211M,444M,243M,252M,251M,294M,285M,319M,268M,382M,416M,522M,1.23B,854M,459M,765M,692M,1.07B,491M,720M,837M,727M,1.34B,611M,945M,1.27B,749M,690M,738M,637M,655M,499M,491M,504M,461M,408M,486M,460M,585M,354M,398M
Nepal,58.4M,72.3M,60.3M,111M,129M,116M,100M,89.6M,68.3M,69.3M,131M,131M,152M,154M,128M,152M,158M,242M,201M,319M,348M,387M,432M,429M,393M,459M,511M,546M,586M,666M,521M,498M,504M,386M,475M,420M,399M,407M,421M,389M,417M,503M,456M,564M,487M,452M,492M,559M,593M,709M,752M,688M,725M,824M,823M,1.28B,1.12B,1.32B,1.45B,1.38B
Nauru,,,,,,,,,,,,,,,,40k,,40k,,60k,80k,60k,50k,70k,70k,150k,110k,140k,350k,90k,290k,650k,650k,690k,16.1M,4.03M,4.92M,4.27M,4.12M,8.21M,5.64M,16.5M,24.6M,27.7M,20M,12M,22.8M,28.7M,32.9M,25.8M,25.6M,29.4M,28.6M,24.1M,20.2M,33.3M,23.9M,25.8M,37.5M,55.5M
Oman,2.49M,3.17M,4.07M,3.29M,35.9M,15M,4.91M,7.37M,430k,320k,520k,11.8M,51.4M,104M,703M,511M,600M,1.18B,172M,612M,507M,599M,331M,173M,263M,187M,209M,81.2M,9.33M,39M,101M,18.4M,55.6M,182M,219M,85.7M,102M,134M,763M,68M,106M,7.25M,109M,81M,115M,20.7M,57M,219M,72.7M,146M,−21.4M,,,,,,,,,
Pakistan,1.7B,1.71B,2.54B,3.27B,3.4B,3.32B,2.46B,3.07B,2.41B,1.96B,2.47B,2.4B,1.6B,1.31B,1.92B,2.7B,3.58B,1.94B,1.8B,1.75B,2.67B,1.88B,2.08B,1.58B,1.53B,1.6B,1.6B,1.15B,1.86B,1.94B,1.34B,1.64B,1.12B,1.09B,1.44B,485M,743M,884M,975M,780M,657M,2.49B,2.67B,1.24B,1.51B,1.66B,2.26B,2.06B,1.03B,2.6B,2.98B,3.52B,1.94B,2.11B,3.46B,3.91B,3.1B,2.47B,1.39B,2.22B
Panama,88.5M,66.6M,75.8M,120M,70.1M,242M,120M,100M,73.5M,90.1M,82.6M,97.2M,61.3M,99.4M,64.9M,82.2M,104M,79.6M,63M,54.4M,60.2M,56.4M,65M,72.6M,137M,104M,68.4M,66.8M,37.6M,33.1M,170M,182M,281M,115M,43.6M,52.7M,58M,57.8M,44M,35.4M,43.5M,55.2M,42.3M,45.1M,35.7M,32.6M,46.4M,−96.5M,35.8M,62.8M,110M,92.5M,48.4M,9.73M,−180M,9.94M,24.7M,43.3M,39.1M,73.6M
Peru,−66.8M,−110M,46.5M,61.1M,134M,357M,273M,271M,200M,195M,270M,220M,204M,369M,279M,243M,265M,297M,371M,470M,431M,497M,394M,601M,654M,715M,549M,532M,480M,533M,603M,861M,558M,773M,476M,482M,420M,562M,683M,572M,506M,618M,661M,639M,563M,541M,524M,375M,462M,449M,−157M,551M,388M,356M,320M,355M,346M,12.8M,451M,486M
Philippines,515M,172M,232M,192M,547M,705M,376M,688M,448M,560M,288M,416M,872M,980M,617M,662M,645M,584M,680M,667M,673M,831M,784M,953M,850M,1.01B,1.56B,1.1B,1.05B,1.13B,1.59B,1.28B,1.95B,1.65B,1.1B,928M,955M,760M,762M,762M,675M,719M,703M,799M,520M,639M,657M,668M,94.6M,377M,596M,−13M,76.3M,186M,646M,548M,318M,167M,547M,905M
Palau,,,,,,,,,,,,,,,,,,,,,,,,,,,,,,,,,10000,10000,311M,211M,92.4M,49.8M,126M,35.4M,42.7M,42.5M,38M,31M,24.2M,27.1M,43.9M,25.4M,45.8M,38.4M,29.4M,25.5M,12.1M,34.4M,23.7M,14.9M,18M,22.6M,84.5M,24.8M
Papua New Guinea,80k,80k,,70k,,772M,774M,861M,933M,951M,1.13B,1.02B,1.22B,908M,1.03B,1.15B,846M,904M,934M,838M,841M,779M,763M,837M,788M,737M,708M,728M,703M,597M,646M,590M,705M,534M,525M,565M,548M,538M,659M,377M,509M,432M,421M,383M,383M,359M,356M,366M,337M,449M,478M,494M,554M,566M,522M,628M,561M,536M,790M,688M
North Korea,,,,,,,,,,,,,,,,,,,142M,,,,,,,13.6M,11.1M,28.4M,15M,13.9M,11.6M,12.5M,14.3M,19.3M,7.55M,16.3M,33.7M,132M,154M,293M,120M,197M,386M,173M,197M,102M,62.3M,107M,227M,67.5M,78.7M,105M,87.9M,94.2M,133M,145M,137M,138M,121M,152M
Paraguay,85.9M,70.7M,19.2M,54.6M,54.1M,58.3M,57.3M,75.9M,59.5M,77.4M,80.6M,86.3M,78.5M,67M,93.6M,61.2M,78.6M,99.6M,77.2M,59.9M,68.1M,99.5M,173M,104M,98.8M,80.2M,90.7M,85.1M,83.8M,121M,78.9M,173M,79.4M,108M,85.2M,113M,75.2M,101M,80.5M,91.8M,91.9M,90.5M,87.1M,79.2M,43.3M,68.4M,75.5M,125M,136M,154M,117M,84.4M,110M,127M,60.8M,63.6M,95.6M,150M,165M,132M
Palestine,,,,,,,,,,,,,,,,,,,,,,,,,,,,,,,,,,262M,672M,656M,733M,861M,877M,806M,996M,1.52B,1.44B,1.35B,1.39B,1.17B,1.5B,1.73B,2.39B,2.88B,2.54B,2.33B,1.91B,2.54B,2.35B,1.99B,2.55B,2.23B,2.3B,2.29B
French Polynesia,,,,,,,96.2M,105M,122M,122M,131M,122M,147M,220M,160M,238M,259M,262M,239M,325M,320M,339M,432M,469M,486M,474M,500M,504M,545M,492M,368M,446M,431M,462M,496M,541M,490M,504M,508M,502M,,,,,,,,,,,,,,,,,,,,
Qatar,,,,−140k,,,70k,70k,,250k,380k,580k,1.04M,1.37M,2.11M,2.81M,4.42M,2.68M,350k,400k,1.17M,1.96M,2.08M,2.62M,3.47M,4.65M,4.32M,4.46M,2.76M,7.06M,4.18M,3.93M,3.72M,5.06M,3.89M,4.1M,,,,,,,,,,,,,,,,,,,,,,,,
Rwanda,76M,71.9M,103M,65M,65.6M,68.3M,95.7M,106M,123M,131M,153M,165M,173M,192M,200M,332M,280M,307M,350M,363M,353M,390M,400M,391M,445M,483M,438M,435M,424M,391M,438M,538M,483M,508M,1.03B,895M,615M,335M,497M,524M,482M,468M,522M,429M,567M,640M,655M,783M,905M,939M,1.04B,1.21B,861M,1.04B,987M,1.13B,1.22B,1.28B,1.12B,1.21B
Saudi Arabia,53.2M,−2.56M,−66.7M,−16.6M,−2.9M,2.57M,2.31M,3.09M,3.12M,8.58M,9.14M,11.3M,11.8M,12.6M,14.9M,11.2M,6.39M,21.6M,16.6M,25.2M,28.4M,60.7M,111M,95.6M,81.3M,66.1M,54M,36M,27.5M,20.9M,19.5M,17.7M,52.6M,32.4M,18M,16.5M,13.7M,3.74M,19.6M,24.3M,24.1M,16.5M,21M,16.2M,21M,24.1M,22.9M,−142M,,,,,,,,,,,,
Sudan,213M,85.1M,51.9M,107M,148M,195M,254M,102M,233M,60M,52.9M,57.3M,337M,175M,866M,1.07B,945M,996M,1.06B,1.75B,1.56B,1.54B,1.84B,2.37B,1.55B,2.78B,1.96B,1.59B,1.56B,1.27B,1.3B,1.27B,734M,641M,561M,295M,281M,200M,308M,359M,342M,305M,444M,806M,1.2B,2.14B,2.29B,2.2B,2.57B,2.46B,2.06B,1.7B,1.33B,1.51B,842M,1.01B,851M,899M,967M,1.65B
Senegal,1.05M,2.06M,109M,89.8M,437M,364M,326M,341M,345M,349M,279M,329M,257M,381M,588M,498M,420M,392M,615M,787M,586M,969M,725M,818M,939M,749M,1.22B,1.19B,1B,1.18B,1.19B,905M,883M,696M,841M,773M,716M,585M,695M,748M,647M,652M,650M,582M,1.21B,788M,947M,864M,1.01B,992M,922M,976M,1.04B,958M,1.07B,925M,779M,943M,999M,1.47B
Singapore,−2.59M,−400k,8.8M,5M,4.19M,18.6M,18.2M,56.8M,35M,120M,207M,203M,174M,134M,85.4M,43.7M,38.5M,36.7M,15.8M,12.8M,31.5M,50.2M,50.9M,36.1M,92.3M,61.6M,55.9M,38.6M,32.5M,161M,2.31M,9.4M,23.5M,25M,16.1M,14.7M,,,,,,,,,,,,,,,,,,,,,,,,
Solomon Islands,18.3M,19.2M,21.2M,26.8M,25.6M,34.6M,41.2M,45.6M,56M,60.1M,60.3M,46.9M,75.9M,65.6M,60.9M,94.3M,86.9M,67.1M,86.7M,64.9M,93.1M,62.4M,63.1M,65.9M,49M,51.4M,67M,102M,85.3M,73.5M,64.6M,53.7M,65.4M,70.2M,62.7M,58.1M,51.8M,53.4M,44.5M,59.8M,122M,117M,55.1M,118M,175M,254M,254M,267M,241M,235M,310M,263M,249M,249M,179M,202M,185M,188M,196M,230M
Sierra Leone,66.2M,140M,64.9M,80.5M,77.9M,115M,68.6M,48.8M,65.5M,53.3M,39.9M,59.7M,53.7M,64.5M,41.8M,60.5M,47.1M,87.7M,113M,133M,206M,148M,211M,170M,150M,166M,191M,120M,172M,168M,87.2M,150M,183M,308M,367M,262M,236M,165M,150M,106M,260M,514M,553M,426M,428M,375M,403M,539M,356M,434M,452M,393M,419M,423M,833M,960M,729M,566M,508M,607M
El Salvador,9.36M,55.8M,43M,76.2M,81.6M,92.3M,129M,87.6M,62.9M,71M,75.7M,56M,79.2M,55.6M,39.1M,62.7M,60.5M,82.5M,89.8M,93.3M,207M,282M,425M,548M,506M,691M,665M,808M,731M,683M,548M,435M,560M,523M,397M,354M,338M,353M,256M,263M,258M,374M,361M,271M,292M,249M,193M,130M,231M,290M,316M,308M,236M,166M,96.7M,96.2M,138M,158M,253M,307M
Somalia,233M,250M,219M,281M,175M,230M,357M,98.3M,242M,229M,184M,197M,171M,259M,352M,617M,382M,785M,759M,701M,1.14B,957M,1.21B,877M,950M,908M,1.07B,1.07B,742M,722M,774M,265M,985M,1.38B,817M,254M,115M,119M,120M,173M,167M,242M,232M,235M,240M,276M,435M,395M,758M,670M,497M,976M,925M,968M,1.01B,1.23B,1.24B,1.83B,1.58B,1.9B
Serbia,,,,,,,,,,,,,,,,,,,,,,,,,,,,,,,,,,,69.4M,118M,83.1M,135M,159M,1.13B,1.86B,2.14B,2.98B,1.7B,1.38B,1.2B,1.74B,860M,918M,602M,655M,1.27B,1.06B,724M,339M,339M,683M,1.76B,1.07B,585M
South Sudan,,,,,,,,,,,,,,,,,,,,,,,,,,,,,,,,,,,,,,,,,,,,,,,,,,,,396M,1.14B,1.34B,1.9B,1.74B,1.68B,2.27B,1.58B,1.91B
Sao Tome and Principe,860k,12.1M,,,,,11.2M,3.87M,1.35M,,,,,,,3.06M,41.3M,10.1M,11.3M,7.23M,8.89M,14.6M,24.8M,31.8M,31.5M,32.9M,23.7M,30.5M,40.7M,84.7M,88.2M,77.3M,79.9M,66M,68.9M,113M,61.8M,48.7M,40.9M,41.7M,56.2M,63.1M,40.6M,48.2M,39M,36.8M,25.2M,50.9M,44.2M,28.9M,48.4M,67.8M,49M,50.9M,39.1M,53.5M,50.5M,42.3M,46.3M,52.7M
Suriname,124M,137M,114M,164M,129M,163M,30.4M,31.9M,158M,149M,202M,195M,215M,148M,209M,194M,365M,277M,169M,216M,177M,247M,263M,11.6M,16M,26.2M,28.9M,34.3M,38.7M,96.5M,97.8M,66.6M,117M,119M,88.3M,98.7M,143M,111M,82.3M,51M,50.2M,38.6M,18.9M,14.2M,28.1M,48M,68.5M,144M,90.2M,144M,97.6M,69.6M,39M,28.7M,12.4M,17.4M,17.9M,21.2M,14.2M,23.7M
Slovenia,,,,,,,,,,,,,,,,,,,,,,,,,,,,,,,,,,10.8M,45.4M,66.1M,103M,139M,56.2M,48.1M,102M,213M,82.9M,,,,,,,,,,,,,,,,,
Eswatini,84.4M,110M,59.5M,57.4M,112M,127M,83.3M,74M,66.3M,77.7M,40.5M,10.5M,47.9M,53.5M,65.3M,52.5M,48.4M,102M,129M,125M,111M,81.7M,63.5M,79.4M,74.7M,57.6M,69.4M,82.4M,68.6M,56.3M,84.3M,79.5M,79.3M,78.8M,77M,72.3M,40.3M,35.8M,46.7M,38.5M,17.7M,45.1M,31.7M,42.3M,24.2M,50.4M,37.3M,51.3M,68.2M,57.2M,92.8M,121M,92.1M,116M,85.9M,99M,157M,153M,121M,73.1M
Seychelles,10.9M,9.58M,4.51M,5.83M,8.29M,12.8M,7.29M,17.4M,21.1M,10.3M,29.5M,51.6M,52.9M,45.4M,43.6M,32M,33.3M,43.1M,50.6M,62.8M,45.8M,38.2M,43.7M,38.3M,39.2M,62.5M,61.1M,43.9M,34M,34.2M,54.9M,32.6M,27.7M,28.8M,18.4M,14M,24.5M,23.7M,34.7M,18.1M,34.9M,18.8M,83.3M,11.7M,11.7M,19.1M,14.9M,6.31M,6.84M,20.7M,51.2M,20.6M,33.1M,25.6M,11.2M,7.11M,6M,16.8M,,
Syria,127M,112M,170M,22.3M,33.6M,28.9M,137M,39.1M,33.8M,69M,141M,128M,289M,1.95B,3.2B,3.02B,2.8B,3.36B,2.61B,5.18B,4.42B,4.32B,2.82B,2.17B,1.61B,1.51B,1.48B,1.37B,258M,192M,1.31B,728M,263M,321M,818M,370M,256M,242M,199M,255M,199M,257M,86.6M,153M,127M,85.8M,22.5M,78.7M,148M,205M,136M,272M,1.29B,3B,3.38B,4.45B,7.98B,9.69B,10B,10.4B
Turks and Caicos Islands,,,,,,,,,,,,,,,12.3M,13.9M,17.1M,14.3M,9.33M,6.16M,6.99M,14.8M,22.9M,16.4M,17.8M,14.2M,19.1M,17.5M,12.6M,14.1M,16.5M,23M,18.8M,15.6M,21.9M,7.29M,5.34M,5.09M,7.38M,9.38M,8.66M,9.09M,5.39M,2.63M,3.43M,5.56M,−470k,15M,,,,,,,,,,,,
Chad,300k,33.9M,54.6M,53.2M,130M,139M,139M,140M,145M,163M,152M,190M,168M,217M,342M,245M,215M,275M,354M,218M,82.4M,147M,164M,235M,308M,485M,342M,365M,451M,435M,461M,387M,327M,318M,291M,286M,371M,315M,243M,263M,202M,300M,341M,321M,390M,447M,324M,377M,427M,570M,501M,439M,467M,445M,372M,648M,665M,678M,875M,723M
Togo,920k,21.3M,35.4M,51.6M,108M,96.3M,82.2M,94.3M,130M,114M,114M,115M,118M,121M,166M,152M,160M,209M,286M,275M,204M,154M,193M,287M,297M,289M,346M,215M,339M,331M,380M,287M,304M,133M,168M,233M,183M,160M,173M,96M,103M,71.6M,76.7M,64.1M,75.5M,92.9M,86.9M,122M,305M,494M,389M,499M,232M,213M,198M,215M,180M,361M,297M,421M
Thailand,293M,197M,264M,250M,219M,356M,304M,380M,396M,418M,465M,355M,283M,277M,296M,315M,592M,417M,671M,926M,939M,909M,917M,961M,1.05B,1.05B,810M,689M,703M,917M,1.07B,913M,878M,664M,600M,736M,800M,678M,789M,1.01B,668M,337M,349M,−897M,78.7M,−127M,−198M,−318M,−555M,−2.61M,14M,−92.6M,−69.8M,39.1M,344M,58.5M,231M,257M,−419M,−326M
Tajikistan,,,,,,,,,,,,,,,,,,,,,,,,,,,,,,,,,18.8M,40.4M,97.3M,86.2M,136M,122M,225M,159M,164M,245M,211M,175M,273M,262M,231M,203M,233M,296M,382M,259M,373M,368M,335M,457M,381M,340M,404M,372M
Turkmenistan,,,,,,,,,,,,,,,,,,,,,,,,,,,,,,,,,9.92M,46M,39.6M,42.4M,32.7M,28.3M,35.5M,35M,50M,103M,58.5M,35M,58.9M,29.4M,40.1M,22.5M,12.7M,38.4M,38.7M,36.4M,34M,30.3M,30.4M,23.5M,33.3M,29M,20.5M,26M
Timor-Leste,,19.7M,,,,,,3.25M,,,,,,,40k,890k,1.61M,,30k,1.07M,880k,630k,560k,1.05M,,,610k,,30k,,160k,1.3M,210k,660k,320k,20k,120k,690k,2.52M,272M,404M,348M,359M,240M,200M,215M,240M,292M,270M,220M,276M,242M,254M,233M,233M,227M,236M,238M,208M,240M
Tonga,80k,150k,520k,360k,420k,3.73M,4.44M,9.14M,11.5M,4.66M,9.92M,4.75M,7.27M,7.28M,13.4M,14.9M,18.7M,26.3M,28.1M,60.3M,38.8M,42.8M,45M,46.4M,39.9M,38M,33M,40.9M,31M,39.3M,42.7M,28.1M,35.7M,41.8M,42.1M,39.8M,37.9M,36.7M,33.3M,30.7M,26.3M,32.5M,31.4M,31.6M,26.5M,38.2M,27.9M,35.8M,27.3M,39.3M,61.2M,75.1M,67.1M,72.8M,74.2M,72.9M,86.4M,88.8M,87.8M,110M
Trinidad and Tobago,,770k,4.93M,80.5M,84.9M,98.8M,59M,34.9M,27.7M,48.9M,34.5M,24.1M,16.3M,10M,14.2M,16.2M,14.3M,6.81M,9.51M,8.81M,8.58M,−4.92M,12M,15.1M,13.6M,21M,41.9M,61.5M,10.8M,7.89M,25.6M,−2.98M,8.79M,2.16M,28.4M,30.7M,19.5M,47.3M,20.7M,38.8M,−4.75M,−11.9M,−16.3M,−4.62M,−1.81M,−2.92M,13.3M,20.1M,8.5M,6.6M,4.4M,,,,,,,,,
Tunisia,345M,651M,486M,644M,475M,606M,544M,619M,427M,699M,679M,605M,572M,609M,722M,754M,770M,777M,867M,494M,523M,596M,523M,534M,473M,443M,463M,509M,529M,469M,572M,504M,519M,352M,151M,94.8M,162M,271M,203M,358M,318M,564M,311M,359M,364M,395M,467M,314M,342M,453M,522M,836M,1B,662M,811M,552M,711M,863M,807M,1.01B
Turkey,942M,1.28B,1.48B,1.49B,1.05B,1.25B,1.36B,1.34B,1.19B,1.07B,1.04B,1.13B,1.14B,379M,189M,202M,522M,323M,454M,1.46B,2.22B,1.79B,1.54B,858M,582M,465M,691M,579M,392M,220M,1.82B,2.24B,447M,640M,240M,391M,280M,10.9M,48.1M,46M,445M,283M,410M,215M,333M,457M,609M,773M,1.01B,1.25B,928M,3.02B,3.04B,2.68B,3.22B,2.35B,3.94B,3.33B,1.19B,852M
Tuvalu,,,,,,,,,,,,,,,,180k,13.4M,9.81M,9.39M,11.6M,11.3M,12.3M,14.9M,10.8M,14.8M,9.36M,11.1M,55M,23.5M,10.7M,8.35M,8.44M,11.9M,7.55M,10.1M,11.1M,13M,11.9M,9.14M,6.94M,7.55M,12.4M,15.9M,8.64M,10.4M,11M,16M,11.6M,16.3M,15.6M,12.7M,30.3M,21M,24.7M,31.6M,53M,25.7M,29.1M,20.2M,37.4M
Tanzania,101M,360M,410M,265M,358M,287M,240M,285M,280M,239M,331M,369M,320M,439M,643M,1.04B,904M,1.08B,1.18B,1.44B,1.52B,1.69B,1.71B,1.53B,1.51B,1.31B,1.44B,1.65B,1.68B,1.54B,1.73B,1.54B,1.83B,1.37B,1.32B,1.06B,1.09B,1.3B,1.38B,1.39B,1.47B,1.82B,1.87B,2.15B,2.02B,1.66B,2.04B,2.84B,2.23B,3.13B,2.96B,2.32B,2.73B,3.3B,2.53B,2.7B,2.44B,2.68B,2.46B,2.19B
Uganda,203M,203M,257M,174M,188M,156M,169M,158M,160M,188M,221M,193M,226M,103M,70.8M,189M,76.1M,58.2M,113M,123M,268M,330M,326M,349M,429M,467M,410M,543M,660M,872M,994M,953M,996M,873M,1.03B,1.05B,864M,1.13B,921M,845M,1.26B,1.26B,1.06B,1.27B,1.42B,1.37B,1.73B,1.76B,1.6B,1.81B,1.71B,1.51B,1.61B,1.65B,1.58B,1.72B,1.86B,2.09B,1.95B,2.13B
Ukraine,,,,,,,,,,,,,,,,,,,,,,,,,,,,,,,,,,,,,,,,,,,,,,472M,547M,435M,594M,645M,662M,712M,756M,755M,1.32B,1.55B,1.61B,1.24B,1.22B,1.18B
Uruguay,126M,15.1M,24.4M,56.2M,17.6M,19.8M,28.1M,33.1M,139M,111M,72.6M,48.1M,106M,80.9M,21.7M,17.8M,24.1M,44.1M,13M,16.6M,19.3M,23.1M,17M,15.4M,17.2M,23.4M,56.3M,27.4M,57.6M,50.7M,65.8M,57.4M,84.7M,160M,104M,83.4M,44.6M,46.8M,37.1M,33.9M,30.2M,23.4M,23.5M,22.5M,27.9M,19.9M,26.4M,36M,30.4M,47.4M,42.8M,16.7M,16.8M,34.6M,85.9M,24.5M,19.2M,43.8M,,
Uzbekistan,,,,,,,,,,,,,,,,,,,,,,,,,,,,,,,,,1.57M,11.2M,38.8M,89.5M,99.1M,159M,185M,185M,227M,211M,251M,235M,271M,188M,170M,173M,173M,168M,199M,138M,251M,282M,311M,480M,529M,658M,558M,1.17B
St. Vincent and the Grenadines,,,,,,,,,,,,,,550k,17.6M,24.2M,17.7M,14.3M,14.5M,15.1M,22.7M,21.9M,18.7M,13.4M,9.98M,13.7M,26.1M,24.6M,27.9M,24.2M,22.9M,22.7M,24.8M,19M,15.3M,58M,32.4M,6.27M,28.4M,20.9M,7.8M,12.7M,6.32M,7.69M,10.8M,8.35M,5.12M,65M,24.2M,27.5M,16.4M,16.1M,7.94M,8.02M,9.24M,14.7M,9.74M,12.2M,18.1M,86M
Venezuela,−5.53M,−36.6M,618M,301M,−376M,8.27M,174M,152M,105M,65.8M,31M,46.4M,44.9M,38.5M,21.4M,13.6M,−53.3M,−28.3M,−50.8M,23.8M,41M,43.2M,48.6M,48M,49.9M,46.8M,43.9M,39.8M,44.9M,115M,117M,43.9M,44M,55.3M,34.6M,53.2M,43.8M,4.16M,55.5M,62.6M,126M,69.9M,85.7M,106M,54.2M,55.9M,63.2M,73.3M,56.8M,57.8M,52.6M,46.2M,49.8M,36.5M,40.9M,38.9M,46.4M,91.2M,149M,291M
British Virgin Islands,630k,3.22M,2.88M,1.15M,1.4M,,2.82M,123M,,,,,,,8.57M,10.4M,11.8M,8.43M,3.88M,4.57M,9.91M,8.34M,8.66M,7.73M,4.74M,5.26M,3.07M,3.8M,3.17M,9.35M,7.99M,8.25M,7.2M,4.76M,15.9M,1.84M,1.54M,2.36M,1.35M,3.05M,,,,,,,,,,,,,,,,,,,,
Vietnam,1.29B,1.18B,1.23B,1.49B,1.59B,1.96B,3.13B,2.72B,2.55B,2.5B,2.25B,2.3B,2.7B,2.1B,2.85B,1.39B,753M,874M,1.14B,911M,571M,616M,597M,369M,382M,376M,375M,216M,254M,196M,248M,307M,659M,374M,1.22B,884M,1.12B,1.1B,1.37B,1.44B,1.7B,1.74B,1.45B,1.84B,1.8B,1.81B,1.81B,2.37B,2.2B,3.15B,2.61B,2.92B,3.61B,3.85B,4.04B,3.4B,3B,2.48B,1.65B,1.12B
Vanuatu,1.49M,2.69M,3.79M,4.66M,5.73M,4.84M,17.2M,15.7M,19.9M,25.6M,23.5M,31.3M,37M,41.7M,73.9M,49.8M,116M,56.9M,60.7M,94.6M,91.5M,72M,62.8M,67.5M,64.6M,58.2M,54.1M,95.5M,65.9M,62.8M,72.3M,68.3M,59.2M,55.1M,55.3M,56.5M,43.7M,40.5M,48.5M,49.2M,60.2M,54.9M,48.4M,50.4M,51.1M,50.3M,60.9M,61.9M,98.9M,112M,106M,76.6M,83.9M,79.5M,90.4M,199M,135M,134M,131M,134M
Samoa,,230k,670k,1.22M,1.47M,1.58M,2.98M,5.09M,6.6M,3.47M,6.13M,6.53M,14.3M,15.7M,24.7M,50.9M,40M,65.1M,50.2M,72.3M,53.7M,55.1M,56M,62.7M,47.5M,51.7M,46.8M,63.4M,47.9M,46.7M,57.3M,64.3M,73.2M,69.5M,55.5M,48.5M,41.3M,39.6M,49.6M,38M,47.7M,66.3M,58.9M,45.4M,39.9M,50.3M,56.7M,42.5M,41.6M,70.5M,117M,75.4M,100M,102M,86.4M,100M,92.6M,139M,128M,126M
Yemen,129M,124M,150M,175M,190M,252M,292M,193M,51.7M,31.1M,109M,193M,272M,291M,755M,920M,1.7B,1.46B,1.12B,903M,1.32B,1.21B,1.49B,1.07B,1.4B,1.07B,705M,864M,505M,603M,677M,400M,339M,427M,221M,202M,307M,475M,527M,622M,453M,561M,316M,303M,307M,332M,316M,242M,410M,550M,662M,455M,698M,1B,1.1B,1.87B,2.43B,3.37B,7.99B,4.47B
South Africa,,,,,,,,,,,,,,,,,,,,,,,,,,,,,,,,,,414M,437M,531M,486M,699M,732M,779M,755M,676M,761M,811M,727M,771M,806M,834M,1.12B,1.14B,1.1B,1.39B,1.1B,1.27B,1.07B,1.53B,1.26B,1.05B,921M,983M
Zambia,9.15M,8.74M,54.4M,49.1M,185M,92.3M,229M,500M,259M,154M,91M,136M,121M,220M,245M,318M,229M,352M,521M,702M,717M,549M,782M,543M,622M,824M,935M,766M,772M,604M,704M,1.23B,1.38B,1.23B,962M,2.45B,770M,835M,491M,854M,1.17B,852M,1.17B,974M,1.26B,1.28B,1.63B,1.04B,1.08B,1.28B,931M,991M,941M,1.1B,960M,838M,1.02B,1.08B,1B,987M
Zimbabwe,,100k,,99.1M,39.8M,30.3M,2.85M,2.8M,13.1M,4.78M,4.1M,4.13M,4.72M,4.49M,7.26M,16.2M,26.8M,25.6M,30.1M,32.9M,363M,418M,528M,519M,782M,600M,481M,536M,454M,446M,497M,547M,1.09B,725M,788M,605M,469M,456M,366M,315M,239M,242M,281M,232M,212M,419M,295M,484M,618M,768M,718M,689M,960M,787M,718M,818M,688M,754M,795M,988M
